component	version	state	bind	evidence
hermes-agent	0.19.0 (src d71033a)	active (systemd placeholder keep-alive; polling disabled)	loopback planned	evidence/deploy/hermes-runtime-install.txt
hermes-gateway	cleanroom	active (polling disabled)	N/A	systemd hermes-gateway.service
hsp	cleanroom	operational	local	evidence/acceptance/hsp-status-final.txt
hps	cleanroom	operational	cli	evidence/deploy/hps/
hes	cleanroom	operational	cli	evidence/acceptance/hes-status-final.txt
hada	NOT_DEPLOYED	NOT_DEPLOYED	N/A	config/services.yaml
telegram	READY_FOR_EXCLUSIVE_CUTOVER	installed_no_poll	N/A	config/services.yaml
tailscale	active	connected	100.121.178.125	evidence/host/preflight.txt
fail2ban	system	active	host	systemctl
swap	8G	active	/swapfile	evidence/acceptance/persistence-verify.txt
